sample,raw_peaks,refined_peaks,true_peaks,trust_raw,trust_refined,did_refine,raw_sum,ref_sum
ammonia,6,6,39,0.9295516045284344,0.001935603014224796,1,0.9276695251464844,9.135511936619878e-05
water,6,6,55,0.9314369152709823,0.0015925966351169052,1,0.9299529790878296,0.00011638457363005728
