sample,raw_peaks,refined_peaks,true_peaks,trust_raw,trust_refined,did_refine,raw_sum,ref_sum
ammonia,48,48,39,0.4234364669240449,0.0015879690778319855,1,0.42204365134239197,1.0141109669348225e-05
water,60,60,55,0.21124502381599086,0.00046951844558407174,1,0.21095846593379974,8.109910595521796e-06
